x,y,z,cluster
1.4289203376781057,0.13221128256590015,0.6887618498805943,3
-5.072178989960681,-7.157414959615563,-1.0371846430601144,2
0.06134009384048392,0.3702384640232581,-1.3864719173406486,3
-1.6435220348757305,-0.6095231188287435,-0.1426238507835285,1
1.4137249920038957,0.12578683795642162,-0.11853858811942887,3
-3.3345314271543987,0.2567130334145668,1.3703090159281,1
0.6694410184074955,0.3245186882049666,0.5911736463147272,3
-0.5590971711814781,0.7748354421789756,0.33981340090790824,3
-3.116029699222686,0.31260959914579856,0.37247913278280775,1
-0.24397203949438862,-0.7149078948048339,1.1263545424573054,3
1.727065110058466,0.31088951176215396,-0.1320981079104265,3
-4.8680886096945875,3.6062677522330766,-1.7879237315253702,1
0.41780837034825646,0.878460502192468,-0.6830723728717305,3
0.0036784482672385377,0.14618274167300477,0.44583355378289347,3
0.9863932006550791,-1.2945884236910037,-0.335283904245125,0
-0.3064774328986734,0.990165691890254,-0.7109166867354976,3
0.09155459840772617,0.5721374137981519,0.48475355612837934,3
-1.9091125949452226,-1.0078042768927835,1.1201115428686617,1
-0.5842562981581645,-1.6527873813664087,-0.8503872773219828,0
0.8054468745560155,0.35353298251661325,0.3938898553538607,3
1.027852754909355,1.0422237482563221,-0.3813035074061953,3
1.2215782073240573,0.8759746813212408,0.48747681073263616,3
1.5115924087046602,-2.0405691510253896,-0.019690774748763545,0
1.9849939118877913,-1.2089390973382157,0.1901224510308194,0
-1.830712702955948,1.2332092985078282,-1.8486589943275178,1
-0.18655650582651678,0.31962119428709146,-1.054687605852663,3
-0.48355341072001506,1.346224959907715,-0.3694533322412258,3
-1.098886412139368,0.10003121001419704,-1.379665548038383,1
-0.11490954369745587,0.3760380034111432,0.6406409561542528,3
0.2456076594596975,0.5289519730965144,-1.321659243605621,3
-0.2565987096481735,0.47462528369277696,0.24341146057247406,3
-1.6426525600984605,0.3284603766379982,0.17792431751819496,1
0.0017333951200211861,0.4111889580355028,-0.09917785703829608,3
2.7842892183063404,-0.3785548479172113,1.477667823267532,3
2.4168934268372295,-3.1634678649592214,0.03835258267910749,0
0.6664188583525055,0.9582897397840856,-1.607452659240973,3
0.8450691104581431,0.6371667043061182,-0.4132272506666784,3
0.953632636036696,-1.5030114277341755,1.0468256306678068,0
0.5479051985750679,1.4864164807026383,-1.220014037651377,3
0.45734133289874956,0.17714662115717947,0.30712488731192256,3
1.273373084970197,-0.1407721812870028,0.8324525487040578,3
0.9319541466905528,0.041873339992981234,-0.30356402592337156,3
1.608130474392851,-1.0900931872589608,-1.4850277770197897,0
1.0928329675023016,-0.26633743994048,1.176139428040732,3
0.002130989099083519,0.43851459958887207,-0.2613603869705625,3
0.9640413756840203,0.502090791011331,0.16309106334510073,3
-0.3261954326429502,0.8923660905625395,-0.5074476548797401,3
-1.2794571856756776,-1.120296327668754,1.1957965809729174,1
-2.911812281278447,1.5829554844385005,-0.8597350253325106,1
0.4884726729917839,-1.713275190961621,-0.6625119266900931,0
1.2514343902537421,-0.44290634197436896,1.192306221751835,3
-1.3426653536898667,0.7508498125858543,0.8810893170673444,1
-0.8522109699173139,1.6751160749505387,-0.32202820054762865,1
1.236810196772175,-0.8908416467654731,-0.008250555010625327,3
0.47151110201966717,-0.8117727863756926,-0.7592676581886214,3
0.3508818923704501,-0.7525693005175907,-0.5240600384741396,0
0.9847048180441169,0.9891959770604233,-0.7121253789570476,3
0.7212936680789315,0.8845226930463388,-0.894669085565969,3
0.4910313199859585,-0.44909493202150963,0.17224634052845902,3
1.0312361403128911,0.2025136135381989,-0.8776964072191296,3
1.6004546495324505,-2.158990718964286,-0.0879171083748413,0
3.8865007843195616,-0.46699347425657833,1.500997761022088,0
2.307464100662528,-1.1426430088220498,-0.7409441693248622,0
-0.5424989895316712,-0.01855710225172491,1.412429832378047,1
-2.6522131845564894,1.1961597694214468,1.2620050390820865,1
-0.7681485371321963,-0.40998191188509614,-0.22602309466374387,3
0.38420175025592945,0.9156028913380261,-2.0953958967429163,3
-9.375967000009712,-3.2659579403029193,0.6592240044721547,2
-0.4911273159243114,-0.13080618800493915,1.7828321859548208,3
3.6673871124579898,-1.9847331443783003,-0.2721577516405246,0
-1.1287906352062584,0.5408517266945778,1.995651561531979,1
4.346033709931858,-0.5938613696959599,0.4657601475153109,0
-0.0457153424448733,-0.3320359694945869,1.035873815975104,3
1.6027307610375279,-1.292608610074149,0.5067098439472288,0
-0.9568696326547399,0.6905998126232451,0.461524933968115,1
-1.1814975631144846,-0.33154740010171413,0.5883528399019831,1
-2.2347459972565464,1.067008340737737,2.235819547234367,1
0.8390509163623634,0.2057161279199191,0.30517026127849955,3
-0.012057868841257285,0.8015363636488445,-0.3139157836796982,3
1.0960759485778573,0.5461292163617064,-0.8765214904657457,3
-0.4768557843608549,0.03389706196871606,-1.4226582954596778,3
-1.044166922354604,0.6743841546376397,-0.8535606511750836,1
-0.5952293582954558,0.8097935625986584,-2.2026751132341613,3
-0.17207960136166317,-1.015433613581747,0.4520494931845265,3
-0.5418451840157674,0.6899981928166182,0.17074936995687803,3
-3.4225157144381635,2.1995348502241954,1.7339969146616974,1
0.3539966011565949,-1.5466735038659931,0.42089800270335753,0
-0.08634167112202606,0.03726808470921211,-0.0702192819047509,3
1.4879579281974191,-2.6467431883255834,0.22097571053375867,0
2.1022913250442503,0.47747829637594236,0.014334263174435036,3
-0.487915513110672,0.8243708123825346,-0.3200418182588821,3
1.221798947260276,-0.7402864000180027,-0.4439865101691889,0
0.5636327618923684,0.1457629419458148,-0.013109112038353632,3
0.8210470492363415,0.3436479115501283,0.045032405476830434,3
2.0793651425180757,0.38801573064176975,-0.09893841609736764,3
-1.0743694572935283,1.8037743851345622,-1.1614729591220532,1
-0.4062097155847471,0.3256717085313706,1.2249160901442797,3
-0.6805251762349822,0.9215668186176195,0.7160718572655992,1
0.4719124371551587,-0.049465283382230996,-0.8649415356378675,3
0.5990111747587725,-0.20483253611375546,1.2589773946128258,3
1.1050733113320241,0.0022845327069310195,0.8513132070156384,3
0.6018158292246969,0.44231585917305904,1.932296924675511,3
-3.136164375798683,1.4268326317576099,2.262764150394777,1
1.6290780155985114,0.22993887087107148,0.3697672364191297,3
-1.8027381187490408,0.026084512825023165,-1.2184278636699066,1
0.9041435630825847,0.5397523889769251,-1.4728553846650998,3
0.5909938889713513,0.7448359235666652,-0.4736901209767904,3
0.05534569643283377,0.15194103215034058,-0.6156419019458462,3
0.8859665722761323,0.45189629306750734,-1.23969720387507,3
-0.1676981730216769,-0.14415272873669693,1.6032352684773061,3
-0.45748312283257525,0.9942061436534769,-0.3262627583244876,3
1.5065542249772637,0.6405799573988253,1.2289579640898072,3
-1.6689854773390493,1.7447618913151883,-3.704179326419206,1
-0.38218929674649044,0.7717756930434047,0.12900957536686494,3
2.0361228103640268,0.2765587081991485,0.9596246954792593,3
-1.8503015123579452,1.0304147229477554,0.8865857870988383,1
1.0215033189950975,-0.15747772534783072,0.4778201112791265,3
1.7235001637520924,0.4410724272578056,0.29853471010834753,3
0.7571969052619714,0.4136180889571641,1.1050977080270405,3
0.06766474513566748,0.5975898817743288,-0.20579699013134461,3
-2.264201861710185,-0.7721438594851907,-1.055802076556097,1
-1.2368178738213416,1.0856770630021477,0.4346091620915893,1
1.0125720318724896,0.7158957646853592,-0.8540964739303423,3
1.719911952722484,0.8245395027521426,0.31303761490640847,3
0.910815165614312,-0.2128298359194804,0.2381352161547364,3
-1.7339531803054125,0.9552048550146063,0.19232940883594132,1
0.9022971642043975,0.6285810459601165,-0.9580577881128809,3
-2.599585871108787,1.015394314807792,1.5282460812003553,1
0.945162302138367,-0.11963990790863532,0.6460060440582592,3
0.31778954860123987,0.6687798264179015,-0.41316887048666917,3
-3.631564246744125,0.9151327487731077,1.4906265741900313,1
-2.3682148557374054,-0.3015833343403145,0.9308001497549097,1
-0.5172502859568449,0.7629434765163081,-0.40446778340022327,3
-2.8904658239237206,2.796338010811884,0.9681655997516316,1
-2.637361080455272,1.5199966299495822,0.660386197785767,1
3.7352252823436327,-0.7103690500335905,1.0212700377818464,0
0.7486164885707216,0.5167541137019412,-1.3158138255565168,3
0.19074241555065122,1.600514173142071,-2.441175184305405,3
-0.6133368608756824,1.3459855490947934,-1.1969027251714277,3
1.1208678570251478,-0.09520318968469516,0.5205254644002818,3
-2.6845121777914582,0.6132456382472551,0.9982409536146295,1
-0.08182717743397688,0.7642018064746713,-1.408239365924051,3
-0.32291842801567067,0.42499186816441537,-0.5029639600795082,3
-2.420744532875556,2.4647135927232307,0.28845182787372137,1
-1.9874580566991542,0.9359326583156272,1.994229172652059,1
-1.620864051293346,0.18827068570264865,3.173600590419075,1
-0.20238764916887308,0.7549056275548829,0.9591537472167191,3
0.8597868951617915,-0.03235508975277063,1.2323916391595942,3
-5.295701904146522,-6.494930718966655,-0.3555651511937288,2
-2.0458260691023638,0.07337094819750284,-0.2173081228840422,1
0.7390686437720315,0.016586865068056705,-0.09220432319620883,3
-0.47283072724094505,0.4841289702140308,1.240687786873739,3
-0.32195072578846323,0.07430264870850922,-0.1771289096269676,3
-1.0635510857721788,1.2558993129643587,1.0671668656491506,1
-0.19682447954805815,-0.11122172087221172,1.5652532456236683,3
-6.050501742923092,-5.943432546020126,-0.40200962452115885,2
-0.5833726856992505,0.4768829874100752,-0.3443307559361779,3
0.3118503393189544,-0.1681554666747332,-0.48711845488961125,3
-0.01907144833331001,0.6102568974503786,-0.04086091781408738,3
-8.011633015367046,-4.406526598966397,0.3884564464783985,2
-0.6312864447296633,0.43341636742637146,2.3257722659043156,3
1.338427082857768,-0.43567276423108847,0.5942374774936445,3
-1.813401847383284,0.5387573524739843,-0.06669827051617494,1
-0.3178966458697932,0.7454485281876146,-0.49181212061859403,3
1.1181919224056973,-0.989264809060311,-0.18290337471855994,0
1.2446614758208552,-0.08240518782678558,-0.7239292639980851,3
2.44384867178818,0.05591686978312757,1.1079235722321714,3
1.2688845463426628,-1.232307884768988,-0.6804212609283399,0
-0.5879038350882675,0.08576084635107525,-0.09624543873846558,3
-3.436661687462991,1.2342806558339405,0.6244434107727505,1
0.9331526307541678,0.18080830854115415,0.6022857889335068,3
0.09628570437586226,0.8908341372510599,-0.24772742812756132,3
-1.6336864013111911,-0.35889912518753375,-0.6720786535206874,1
-3.2919002304336957,1.3656161207215,0.04009940140212276,1
-0.1073620405458906,0.7000971191627141,0.3454913772298447,3
-0.2978852542842864,0.9716203963649137,0.6831486241445579,3
2.4260338912733626,-0.47903242361297205,0.13246576943163116,0
0.38238104448692156,0.294258096625586,-1.1925738665592847,3
1.9113892235659973,-0.9226936099473596,1.5463981177099382,3
0.10137455574340899,-0.3276791744583081,0.2010363152978,3
-1.9716958497034793,-1.5037088802854446,-1.3774275637189841,1
2.752976873241806,-0.07909221990757176,0.1437388481565068,3
-0.05607786436391943,0.8313557977666597,0.34794958833403744,3
0.020425144278860385,-0.4399888769712612,-0.5495776959962768,3
1.4431291903561247,-2.26950675238334,-0.5734139373574891,0
-5.400484389350934,-6.776632295449022,-0.8440761248529316,2
-3.7428638313555753,0.7751533017869099,0.904908010616674,1
-0.555801629998115,-0.13073622924488237,1.6843420390481607,3
0.8812958921128111,-2.0788543053508652,-0.6443055543531724,0
1.8421421287273028,-0.5552538634114589,1.1014461071056656,3
0.4804968693357015,-2.1031768623083393,-2.026232789183447,0
-1.6792762407382789,1.3200704217428996,0.13720044144476443,1
0.16080874505967085,0.6567244739053457,-0.2792791088052024,3
-2.4210422720944256,0.5730147632983071,1.1154251367116519,1
0.6233273445737557,0.5259721775851492,1.205526458313043,3
-0.18146600566851162,0.5318468870046118,0.33304104342763097,3
-7.8559313299630045,-4.342684900477206,1.2212156678719341,2
-1.0900685485937376,1.524455276076445,-0.21918110210517278,1
-1.6422830001206812,1.4234598534991059,-1.2974300034875867,1
1.910731436862253,0.5003386820299878,-0.08300381220482822,3
2.3771907877634235,-1.9754095978623791,-0.24619514917621604,0
0.127442755900865,-0.1998073219120189,0.50603143004587,3
1.9048947297607994,0.15585534900909803,-0.2823287303892488,3
-2.3881712663564234,1.2040022785363433,1.4152899729017931,1
0.38115339033702467,-1.7305804484198561,-0.8063173516753264,0
-2.1774037217197755,0.8176059086322254,1.5589200736457371,1
0.7542458104729128,-0.1371773247832455,0.6506175123225236,3
1.6023976791439551,-1.3992863887693558,0.5161303668455627,0
-0.4315726074579716,0.3469655586067493,-0.8724176660155415,3
-1.5311929923593466,1.2855679932452602,0.3096233048487348,1
-0.036599616968154225,-0.14492949252143855,0.5032197961800187,3
-2.7129216446487954,1.7530417610080695,1.0914779551781315,1
-0.04172661937109423,0.5903491003219903,-2.184804968802843,3
1.5880309475609415,-0.794825909249666,0.7595808811138778,0
-0.35622698430404326,0.1388575088281659,-0.8923325242033978,3
0.11086252243795829,1.30895431768433,-0.21372684447412993,3
2.1014138099220667,-0.3335983210365201,-0.1833385108444007,3
0.9183606275201981,0.39505524530970737,0.6627658643066904,3
0.5393459805496967,-0.5754623100598404,-0.6929942153388687,3
0.22159966636464118,-0.7776306659363451,-0.959729594035591,3
-3.088815824270921,-1.0136542607551942,0.3820624885630661,1
0.9605925562303927,0.209344153547056,0.8869623875402286,3
-2.7734683152481425,2.2699634235266375,-2.8197105625639693,1
1.110377392174642,-0.3925950681747644,0.5781207714084728,3
1.5413314960878042,-1.8784435387994063,-0.5393532541670317,0
2.1528788663709686,-1.6990440620641953,-0.38896432262323705,0
0.930175948247407,-1.7687434345640773,1.1272490680075336,3
-0.6718827750915282,1.509985690383302,-0.6203034801619209,3
2.2132326486210063,-0.2380455224979195,1.2536902795280958,3
1.8875456922800693,0.7022491503899069,-0.2030525385185819,3
-0.3034432120982599,-0.9683050446506257,-0.7534096343502863,0
-2.2345625496470642,2.2038644873136244,-0.7298443967140784,1
2.3999292389077236,-1.7286341430829206,-0.24116527958638814,0
1.2172473704830988,-0.7911764052817366,0.3559673483640343,3
2.191111487984099,0.6687837018843827,-1.2279089382591588,3
-0.6545818992530366,0.05302533826142433,-1.616435860602111,3
-1.5045860295969573,1.3434670248597618,-0.19184163299355794,1
-0.12573142643129742,0.7167455518155942,-0.6807344567815466,3
2.5884183366121825,-1.5401230985026233,0.5352968322012618,0
-1.424361993103698,0.8915872652247424,1.465177247866228,1
-1.6953291742484344,1.0155034766520816,0.10326830601085216,1
2.452303532716732,-1.7472102782870147,-0.7019849613963558,0
-0.6682893095560707,0.9546338457820868,0.8852997807268137,1
0.5593336647023239,-0.29102132242488776,-1.0896985029348614,3
-1.381703823378544,1.1725994752730373,0.7209666048325329,1
0.8637682608051849,0.2782682484311371,-1.0696743151104906,3
1.6974979502805307,-2.0269648507336955,0.4258939371178214,0
-3.815490639956375,1.1765152985874787,1.157554807925817,1
1.8465692376808276,0.06175733752698226,0.39790042959154004,3
0.07715658906522413,0.12100374545590947,2.0196491548295454,3
-0.7208962065711189,0.9627690105842698,-0.5333120739031469,1
-1.3798987077758884,0.8864530140397439,-1.6604695081443788,3
0.39210707235450465,0.20866368199555313,-0.9104169387559977,3
1.8156747158653428,-0.01639722239792829,-0.6919194083674836,3
2.2383066209753775,0.43086758787613244,0.6398906139404159,3
-0.44645265145694607,0.6784753139610229,0.07922757680627185,3
0.8115945905161761,0.6913406334200016,0.30255838429615023,3
0.8204617163330088,-1.296526181341147,0.058159983304852225,3
0.25574372479482305,-0.6319099768608865,0.36772671766350473,3
0.5350368297908021,0.7663344706033605,-0.5168429011114292,3
0.4155042118728563,0.311985305215602,1.096335092098857,3
0.10401355244828504,0.2336345141679919,0.7548583580747107,3
-2.7501495805487304,0.816638896110717,1.3272583289197446,1
0.5025259509802031,0.06192273410346341,-0.2006539657822642,3
1.1606932167109474,-0.2846356262434764,0.43400964823640253,3
-1.3568090778307578,0.6321120016429431,-0.8978072235528565,1
-0.7089928036171618,1.1031141627326893,-0.24273267654771763,3
-1.1883435034463916,-0.6712019424890326,-0.35731136424529575,3
-1.1502406374095586,0.9070290246405095,-0.217639715566377,1
2.0069982886525213,-2.152385670825344,0.08704794828785514,0
-0.19583766678646047,-0.8019395918063611,0.8885905556920695,3
1.35530724484157,-1.1409348441728255,-0.8017766264173479,0
0.22280966179854597,-0.105637744010329,1.2338729802086466,3
-3.0043804542864425,0.6358135473086302,1.98136095348174,1
-0.8939785536246958,-0.1825800207568296,0.25999330728575765,3
0.9116311269236568,-0.03500514216619455,0.21552457987367116,3
2.0006941351824303,0.436601810343044,-0.33921890996839993,3
0.9723635904741841,0.058649828772086465,1.161090035157024,3
3.248962076027021,-1.4029069289847258,0.6607251511004965,0
-0.5809602834536542,0.4433160502285153,0.5384911888063139,3
1.0366154282078883,0.17941678127305627,-0.1047602228880237,3
-1.2678768936602787,0.3522100375508372,-0.4260902395197612,3
1.028496177066587,0.2061017405356368,0.4096674246243541,3
-0.46728262276469784,-0.49223444880604583,-0.22024935275898436,3
1.9945129100821126,0.31883956777240585,0.22526764775570754,3
-1.6630462387150438,2.256569398321917,-1.553033626349775,1
2.184949409114866,0.18837529431289807,0.5276372979594537,3
1.9156292924112126,0.42306434502540297,0.453594010339207,3
0.1941240993720377,-0.2687391629700371,0.6546755085957753,3
-1.2887631347218804,-0.6642380449933383,-0.14576027557844853,3
0.46312614464788127,-0.3882491392425147,0.07561394309753167,3
0.8782725394638569,-0.35566680182574917,0.9430262167148498,3
-1.5134156854656513,0.691210195629876,0.5311275307057053,1
1.4803431090676271,-1.5016554301961906,0.9380263903040567,0
-4.389376085213618,-7.372743347839938,0.1000631140167901,2
-1.9421904998609072,1.5421359833129928,0.4556327536081187,1
2.4878989646412193,-0.2395655832471783,0.8720163792124949,3
-4.126439667860571,1.8889667666790677,1.4598362288052733,1
-0.27545350846391364,0.3105420273848877,-0.5562992115952475,3
-2.3718016754221347,2.110121867655873,0.06051535957519791,1
0.8031030652999029,0.5293250957846571,0.4642305415434612,3
1.0336325193552587,-0.6652616628844364,-1.0165080312470391,3
-0.9966223562737337,0.12645925133359523,-2.629379768372948,3
1.526284551221745,-0.516657447318321,0.46390085752525023,3
0.23849236913849226,1.086864762988252,-0.8803299170461517,3
3.064523802976921,-0.7748049924107382,0.36169921846595476,0
0.10872852771980554,0.6623042085389448,-0.490911683952609,3
-1.1678277394138572,1.2131049375150331,-2.267424072954538,3
-1.6752529555206292,0.588393238048079,-1.2169485871242214,1
-0.45601709607521773,1.4706549584217918,-1.6376498734741427,3
0.43918590007816805,0.05015785061642697,0.12961237454872046,3
1.0013437940902516,0.4672319461423793,0.37679244619865304,3
-7.0500620788425525,-4.966823432162381,-0.6049573378513243,2
1.4813965052239577,-1.132913319018471,-0.10105128487666677,0
1.5602781409782105,-1.8158747857341049,-0.19281406665832876,0
-1.4847449953345166,1.0014257899396009,0.1469431335639946,1
0.6481209313395023,0.36215552068285395,-1.3920752585396174,3
1.2710819985604844,0.7029466692821774,-0.11314569845624856,3
-0.254407387068739,0.5835720580984727,0.3135243294466946,3
-0.7452542758453347,0.4026732021719285,-1.046030073731388,3
-0.41320962795480703,0.6561130510123945,0.5634888896444856,3
-1.2468719767223564,0.901223849777852,0.42093558009376664,1
-0.5013820091926307,0.7065664270913281,0.6505483485167534,3
0.217847988312924,0.967610466062476,-0.5132890548418618,3
-1.5005921478451634,-0.0803042254797578,1.303733970537463,1
1.1116200382370514,0.4748390076084571,-0.3417824207698417,3
1.6339649425581944,0.3483765923646883,1.1376733014792826,3
0.4560851981372772,-0.3808677281669772,0.027675857256984182,3
0.6685181489596899,0.5717821289770076,-0.9406280907741278,3
2.796755493804015,-2.1217019712381298,-0.4406791718600884,0
1.108712192938585,-0.35615579629242955,-0.7164772919802976,0
2.34723669849964,-2.2911949756933545,0.3626746230213608,0
0.9356549752395193,0.44940507750250547,-0.3721522316357015,3
-0.023413348559246816,-1.411422752544536,-0.4918390633919082,3
2.602263273127826,-1.0458705124413106,-0.29717651351752694,0
-1.2758813354165126,0.8017041805653221,0.8403560116360351,1
0.009136686196296095,0.8286031559398861,-0.08808066410598894,3
1.0853622790287631,0.5892017205559604,-0.7496763935888185,3
0.17189348027859808,0.8952034349205846,-1.5829145450926891,3
-0.11604708279994047,0.052459688433901946,-0.018597971353614323,3
0.5111723876814958,-0.39683188029565797,0.1702320210511444,3
0.6037696269023703,0.6997599947027382,-1.0912888897364956,3
2.2067644508399153,-1.6256982662752977,-0.4408262481777582,0
-0.29929257548584925,0.5440167081452194,-0.6421369688554365,3
-6.614584340833403,-5.609349690794026,0.8406274862602381,2
-1.8745149166158523,1.454913022061648,-0.3212056239186749,1
-1.3765491768732574,-0.5714724276871652,-1.7263455545495765,3
-4.385377088746946,-7.87761248160197,-1.2718605703197963,2
-0.31483712561708294,0.5428180125480402,-0.6995695436982677,3
-3.4584587631750794,1.6145281979096016,1.1002395500286462,1
2.4500277993263806,-0.44109881631185444,-1.297766540360618,0
-2.328760117606565,1.2311086299787264,0.3192584404493565,1
-0.16883405365547166,0.27544653529075624,0.4495668677451571,3
2.0150218505729476,-0.5152278255877238,1.4478474998095718,3
3.1659195746726576,-1.0164507234321292,-0.21892113198253438,0
-0.20150298975228975,0.7099938852617123,-0.8128023952901813,3
1.4254773549684379,0.7337927588924579,-0.018319043449112338,3
-0.35063596227945776,-2.1445331243790497,0.38658228469660716,0
2.0614099032243325,-0.44042440379493897,-1.3392521307119274,0
-1.2444729524110327,1.4766818923214675,-0.8818114480445397,1
-0.4341324043668558,0.5041468972400435,-1.6073127999703458,3
1.3580984236080542,-0.7117158976573036,-0.38305307340812045,0
0.16998801251552953,0.3310856798384497,0.1372490898734172,3
1.1474409335044111,-0.019605776778032435,1.1367395933752578,3
-0.43533399035671744,0.8361282917878283,-0.5865541319274973,3
-1.9248867974997876,1.2590036111857756,-0.4948950492596962,1
-0.9970829539988029,-0.08600649623270645,0.059228651787730124,3
-1.3624866270400622,0.827885619119188,-0.32032797561985427,1
-0.8399891457945068,0.6729475610568691,1.7044258577623344,1
-0.30223911216837723,-0.49088800875080796,1.5708267158987312,3
-0.40297878358965783,-0.5573454917258288,0.9038088606078036,3
2.320690553386587,0.31411594261483633,1.0013925558310541,3
-0.4855565229915538,-0.16838572929848022,-0.14921581917399346,3
-2.1061744443240276,0.29185516152341506,2.1450049093845722,1
0.5913555021510509,0.047774230621270924,0.3857037673172963,3
-2.463850459371104,1.0515912773677554,0.21993490069926272,1
2.0678819868903044,-2.2935605230650395,0.3109845118154253,0
-3.0283922321584953,1.0648038173835914,2.2891834742397186,1
1.076278832153037,1.1333385783455285,-1.5887038193821876,3
1.5632969445868377,0.7691863126854704,-1.0426626754159993,3
-1.2511718679377266,0.50973772818485,1.350561541133935,1
0.8314565658286528,0.7447535120251959,-0.9593338955829191,3
-0.9884996264861039,-0.1671886483541576,0.6059256648365846,1
-0.34870962849844506,0.8249255037560719,-0.6576129626951679,3
1.1412255099983009,1.2580575518390225,0.25100720049995673,3
-0.59399392306662,1.5299950518723344,-2.162319387119089,3
0.45642307136610605,0.6777508204942123,-0.848571592406884,3
-1.8393306959288405,1.13850764427264,0.8329609807222842,1
1.4960993129601272,-0.20604405369595136,-0.5877981142559808,3
0.8534386289471312,0.0202264030516979,-1.4580790658425862,3
-1.1034006359971749,0.3098360395818335,-0.6817013053744496,1
2.0150253591308656,-1.431933400622432,0.4415441880007568,0
0.9031321125597593,0.10768336533508552,-0.37768941572780534,3
-1.2291172261387031,1.2952823503927688,-0.12596578086025764,1
-2.0143835404556025,2.2198696620261633,-0.5426183145079518,1
2.4534688190774134,-1.3316822717242305,0.7253723778204364,0
0.5021416540600842,0.4060853932970017,-0.37357904132209196,3
1.443318941034421,-0.9460718165059304,-0.21502422239930286,0
1.2074834757199413,0.5011875117804563,-0.17158097610245746,3
0.7225400527146425,0.29817631260193245,-1.3859354632230285,3
0.3903874926103853,1.0592421670874945,-1.077106740539048,3
-0.38536045871279795,1.0777677951152702,0.2880492004006291,3
0.5733023342604039,-0.5445882425296121,-1.644769363655241,3
0.7524814301696607,0.06972800982892413,-1.6839887942246694,3
0.31129049825264477,-1.5222336091345396,-0.8682344145743061,0
1.3984409706213705,0.43031472432306783,0.5160702345987119,3
0.07116779765272688,-0.9389040326927719,0.7500316832554786,3
-1.9788901487794426,1.5039340489377064,-1.4175746945593086,1
-1.9068755321578192,1.262690996476079,-0.48145472556859503,1
-0.47102312835187105,0.8800283640647167,0.37076104852925074,3
-0.9818100596510626,0.5008016027235174,0.08570910734552253,3
-0.5347656159251406,1.3110161977784371,-1.654269447357772,3
-1.0826026657299817,0.6892214308841391,-0.8457784235782649,3
1.4900633602386808,-2.191361954076169,1.5237456641271712,0
-1.9650801334506418,0.08971267384742723,2.1308719427766927,1
0.5321840733895354,0.6890703264708671,-1.0706487179506219,3
1.343973865963785,0.33735526250543524,0.5388852562652624,3
3.041725306439053,-1.8823843375891194,1.234407938184403,0
1.4558531405351438,-3.1168663002983905,0.22848209834087183,0
-0.2510696879977582,0.029492692749623545,1.2821484193974904,3
0.8516023713073975,-0.3764830122085152,2.8120172487092914,3
0.21835058696991066,1.0745990916165638,-1.0250437498538363,3
-0.5895115927660777,1.8931750366434792,1.0883858424213015,1
-0.2440734494887864,0.6441373366298166,-0.17171513056810025,3
0.13100239558251447,0.7008462445049076,-0.46394947338941606,3
-0.0026818556301235197,2.1715897000308777,-0.7748232294320379,3
0.6317639718301553,0.2935307665621287,-0.47647455279809814,3
-4.192602152632739,2.253318026805087,-0.08886706929535765,1
-0.28057630244091786,0.8327851086829818,-1.234602725440738,3
-0.06790362409822859,0.06967580115167629,-0.7491279427244524,3
-1.3934809227418665,0.8641814309166483,0.8810585701361204,1
-0.5925854274776676,1.8068920970336664,-0.6293630669891153,3
0.2576319052941554,1.005061075758762,-0.7976956515396667,3
-1.7736421860119267,0.7189604575097207,0.30243859453858923,1
0.45174686201427955,0.4653941941450206,0.41441574476501275,3
-2.3359490803829446,1.198544488344629,1.66773453197775,1
-2.3058017196020266,0.9671537472852955,0.6849514666984758,1
1.2748434908159427,-0.7629372287351027,0.8665285039664017,3
-0.5291210532535058,0.8817022488121863,-2.9154386549370424,3
-4.99079913942843,-6.742624010072639,-0.44398604579208556,2
0.8662332053925912,0.19530115577245513,1.309377421548906,3
-0.39562035953528835,-1.4241432538939351,0.7089846281923795,3
-1.6841171042573486,0.656971657574665,0.35203630651706674,1
-0.25421279145379094,-0.06922563958516098,-0.9059819357157639,3
0.9343341108500478,0.43809763441763516,-0.3455938839504925,3
-0.229388093065012,1.0001133944802676,-1.3247190919830967,3
-1.3647012282518924,0.9299944913983287,-0.6961719136453908,1
-1.5356949963699906,0.33644390411349345,0.43151027012624,1
-1.1275054176119248,1.0047645216479753,1.6094279069818958,1
-2.0123879805601215,-0.43878266416040657,1.9588581238392362,1
-0.8117173232123165,1.1306001333868085,-0.4171098318075387,1
1.235891200870966,0.5405415310677371,-0.11977993346530975,3
-2.152418381744397,1.0102018833026158,-0.1870876906547887,1
-1.6513923010972948,0.47181537922579164,2.539992137344174,1
0.4131744607698783,0.9818304819981489,0.08806753890409033,3
0.3612262913187252,0.38668247648974363,-2.7049034908195364,3
-0.21700152241791532,-0.022436333298568423,1.2253395760966395,3
0.8229843843354985,-0.4862559288228101,-0.6061399501994946,3
0.6205764296824907,-1.2829378228008887,-0.5481247000827764,0
1.6800650477309618,-0.13798768558961372,1.0329983533003635,3
0.09971640123659689,0.654857755174699,0.34156701246811794,3
-2.011374593723257,1.7243916430729356,1.49790179803166,1
-0.6306193215091767,1.4283309270752484,-0.5577808861601877,3
1.2084616160710242,-1.211329570489656,-0.5126873477896582,0
-0.4356623515181191,0.7607559320401056,0.26122692682614945,3
1.0554430637375516,-0.29386925757851146,1.9350312068183395,3
1.8305568256806073,-0.8489544757591762,0.20836154353771738,3
-0.33769147671041383,-1.100755266124993,-1.2193040056425828,0
1.5470613307332866,-0.12079595437151741,-0.056640206723201414,3
-0.9433557208862449,0.5882958499580262,0.026827990309604283,1
-0.8018278076017029,0.1104877618400126,-0.19609535989919163,3
-0.03393357432754479,0.5923334425210648,-1.348419614399632,3
-1.4233930306060345,1.835856147376325,0.20548730234553245,1
-0.4109527242010759,-0.27123552757037594,0.08010897535087014,3
-4.737047397940214,1.3169044486592476,0.9850776700007402,1
1.7830533414902836,0.43963485220108306,0.49133528851762087,3
-0.8724632028051698,-0.20750605215059154,0.31255939529050925,3
-1.0180384343832367,0.4201683671965786,2.2066459807413303,1
-1.3636953668706224,0.7731427715803655,0.5100358773362506,1
-1.2563236490660041,0.7919603800409671,-1.0857945413982226,1
0.6566652373412862,0.951117377421833,0.2266807016408204,3
1.4518868775016518,0.40866985422726404,-0.42607734774640194,3
1.2950269637160328,0.7984632152494919,-0.4180295442227633,3
-1.6385298794220697,-0.07787146128721889,-0.503440859272908,1
1.1009133961315747,0.5503244899781784,1.0134657072002369,3
1.388062893887157,0.6020130352300266,-0.3111239129703407,3
1.138381378767536,0.643981172517589,0.5283689603828563,3
0.6182487910685857,0.5218905111343294,-0.7256601426690136,3
-0.546783593613571,0.7115021650759495,0.747302385477651,3
-0.30093014727981465,1.4904576706442243,0.1175481766444176,3
1.3938844088905649,-0.567972176638282,0.017946434121317495,3
-1.4139431081371485,1.3033584972854433,-0.08443334759850948,1
-1.211388551749125,-0.030963341441114123,-0.495426490529998,1
-0.9111135703847393,0.9365021457667002,0.5449125783873074,1
0.3332854495648703,-0.6305421848462758,0.8033334895715565,3
-2.299526785578561,0.8457330188517704,2.336401671017477,1
-0.6226646103891382,0.1534699010083998,-0.32507793008899,3
2.6126807044582656,-1.3274490411405186,-0.7122918173041696,0
-0.33149613735228073,0.1801994431261408,0.5620405332939014,3
-1.6348853820896232,-0.257294161117704,1.4782630006618722,1
-0.7350106768580449,0.757853898050501,0.661305351272271,3
-1.7249556430741138,0.7301411081839655,2.609657267806502,1
2.0253641875329635,-0.09480342386690949,2.27185001376913,3
-0.7242331471105425,0.4909858030872223,-0.3677752228269333,3
-7.871286386864018,-4.548569390140116,0.7828597269703117,2
0.42056503506336884,-0.2183430583137645,-0.279471650833554,3
1.659853866036625,0.45738626044581254,0.03773369279004604,3
0.8830705383922459,0.022604763668046757,0.4188967479431053,3
-0.8718763338704227,0.24964410868566372,1.3185803155208018,1
0.14325318338896026,0.7929484335308294,-0.7615098249241662,3
1.1324695459578291,0.7315409146253797,-0.8174978027767117,3
-1.0433119765794985,0.673395959058843,-0.4293911840723166,1
1.9924501809188313,1.0339220614033784,0.011032105099685136,3
-0.00016975016730963466,0.9408778868283195,-2.0687677110261973,3
-4.543964732477264,-7.349014393846578,1.0596631876583156,2
1.5901032963731212,0.5967307950346115,0.3407809871116312,3
0.9118096456954701,-1.3325311953620114,-0.26184115102322625,0
1.1992567804852197,1.253723224126912,0.06684325967502824,3
-4.380284659724091,-7.88977492413515,-1.3945075088489267,2
-0.6356210868909629,0.8320203742130539,-0.6096854313349731,3
0.5221340252255032,-0.2886532799752918,-0.05859199046495148,3
0.21445946434094437,0.721468564519332,-0.31982987777817645,3
0.38372503088954024,0.6103942649768608,0.25526828849467886,3
-0.6411779268299169,-0.22887526578979855,0.2930776376569906,3
0.052622299315865484,-1.1923820874662296,-0.2851154697230011,3
1.3760105310200608,1.214430603090714,-0.9059777974521772,3
1.0152897085244474,0.03881702592671127,-0.6826721339163911,3
-5.263380829537323,0.5822420350916653,0.6200531255965562,1
-0.7195395282864756,-0.18217192898760143,0.685643778235544,3
0.38023644900474063,0.472778274766889,0.5561162696913833,3
1.0788436123288312,-1.0594289310803622,-0.6308912697852394,0
-0.3751722565730908,-0.03404543867821286,-0.22894333399960454,3
-0.4258692196954132,0.43562638297762357,1.9254050238735798,1
0.9497900286404022,1.0647395613606268,-0.8268468064282437,3
0.08815514649050143,1.3361531793472121,-2.6985719677696003,3
-3.1718735599464556,1.3434273249010604,1.2135279869501068,1
-0.5846968855131911,-0.4185840884523513,-0.2702289257346888,3
0.9210608771380882,0.2918502564346639,-0.44529934245515956,3
-0.9780893234710613,-0.7657676388554228,0.16514395604000023,3
-6.683830119526684,-5.188913272662285,-1.4959076569837362,2
-1.1965865019323634,-0.047569809720134415,-0.9400945596288994,1
-0.056569588130024884,0.07140743993235635,0.05404053680198806,3
-0.9716573576950289,0.0021747653223392893,-0.5551063331991452,1
1.1175454369673143,-1.0437267439810558,0.9653460202639215,3
0.032911462455203794,0.07271102439035276,0.39017071607604137,3
0.06426176024029998,0.14039025871476557,-0.5113604356072399,3
4.324741590990311,-0.6587323366386558,0.40538719906871634,0
1.0997321113116139,-0.8527055127495974,-0.8955776249970201,0
-2.8837330338187956,1.5567790140226654,0.8810954149870802,1
0.9431098278271894,0.826295251057357,0.43351439494598,3
-1.7674175083085713,1.0810845815066759,0.7339423400388912,1
-0.14382449024416116,1.3481374057801547,-0.1754497179989945,3
-1.832774863337847,2.0601781068733676,-1.3474898292808002,1
1.2893490274210013,-0.15585260436255016,0.18664489467914183,3
-0.5731920985245633,1.1341225375219244,0.25970189283163225,3
-0.13369665001305736,0.6804846285359648,1.261568804146741,3
1.3790078287163374,0.4066027986727295,0.2932112658725037,3
-0.8767002802400059,1.0664984689217372,-0.44819214883742675,3
0.8483058842268889,0.254694061612152,0.623139511993814,3
-1.4896656818068614,-0.19410870313874173,1.5682447254398095,1
0.3133136915053293,-0.14585048914473459,-0.90398273707843,3
1.099584633841677,0.5981874488792086,0.767033974428869,3
0.3123165621866212,-1.2375193033910854,1.5380039125870981,3
0.7666133370749881,1.0053312492576818,-1.0696158922156702,3
0.25474373579602494,-0.10244084214157906,-0.2560699281878595,3
-0.4764236286196197,0.5869645135918136,-0.3171948261216291,3
0.43455283233640773,0.12252898039848076,0.16033583394230075,3
0.8903551928218598,-0.9716779099895269,-1.4171603076499848,0
0.9088397780466011,-0.2350304118902914,1.6053972396235061,3
1.6243924139946193,0.4496439753635158,-0.47089859864867434,3
-2.0984311449756,1.6712966364194708,-0.82247362383459,1
-0.5039751556220524,-0.8444672550449045,0.651922174919757,3
0.6629263097592482,0.0980038732487784,-0.005367725391047379,3
-2.1462550952439727,1.5488156488321216,-0.33834843537618886,1
-0.6573007920933678,1.1518684685056302,-0.1739913480449205,1
-0.6840579321132463,0.6635131443231215,-0.7105140344477511,3
-0.8615233768121737,-1.573740506873492,-1.1903489702300742,3
0.12149934263071373,-1.578375616055888,0.5151240947128903,3
1.2101410555845467,1.351572996696563,-2.463310073558256,3
1.3061852257047182,0.13207225320046073,0.023987952738164897,3
0.4456302660996555,1.2396812552718404,-0.8681069154660378,3
-1.5628038602058514,0.5334135850988955,1.2118790672422388,1
-1.2414826669159509,1.2534441113332924,-0.3056084133449143,1
-0.17131761858336875,0.1213149190273608,-0.11512288281206225,3
1.25898167484086,0.20308318564946568,0.5020505128098867,3
0.6917494094788905,0.5968388176164845,1.024034831056488,3
-0.6059562723735863,0.8713312121220561,-1.6199195105662847,3
3.641227589284668,-2.028319331332066,-0.15682395967386606,0
-0.4242523641388724,0.802305507917228,0.631865803545215,3
1.3760789529530715,-0.9933868747000193,2.2270470563432325,3
-1.2701065921301713,1.440399380234605,-0.6398656520103729,1
-2.1071075039539378,-1.1154633516368673,0.3887950502353803,1
-1.5496642972604406,1.9437622189946109,-1.605084474807704,1
0.9412626926464467,0.4629933270825777,-0.4955073751599345,3
3.8893981437543506,-1.3302514007279238,-0.42151640278195934,0
-4.987601768977592,2.2789221042306886,2.0845496833057653,1
2.4587609678970943,-1.4908157535873725,1.5601534266449106,0
0.6619877886644199,0.050619578206192395,-0.33700238053310927,3
1.562320903758537,-1.042837574158606,-1.65478605678652,0
-1.049833276726436,1.1913725288991723,-0.9966684869537911,1
-2.3561920465201474,1.226749254031438,0.5995418392482524,1
-5.964580159614736,2.7625955165819893,0.43631665801788866,1
1.872971632587751,0.020970023641411067,0.300039312047946,3
0.33295430141250426,0.02896786229664361,0.5587348432200258,3
1.6465841068510159,0.7984514250832722,-0.15461854654072246,3
0.6554432299431024,0.3364693831416647,0.20718623199432443,3
0.986027710695009,0.904962574048683,-1.2440663222439592,3
0.09408887639523048,0.9912818742568174,-1.5114726303588495,3
-0.2585949848135075,-0.7285676321910208,1.0450727310861163,3
1.8711626348098889,-1.8210527074129725,0.9871184402471946,0
-2.237283487779916,-0.5895558999423645,0.9411990653296936,1
0.1255523801307563,0.7013209994572882,-0.7905431422468775,3
-0.6557612460381854,0.7200518226635781,0.47730109617075145,3
1.3577292739922149,0.05743537299378065,0.8027893257723896,3
1.4266427705181364,0.5959269476400131,-0.5855143622982528,3
-0.4970709686834705,0.10482020364962921,-0.00010950870883350006,3
1.5454293964700683,-0.18442339570812966,0.31517859931872383,3
0.8077074709717436,0.7304658940201401,0.3018711782169686,3
-0.6446317188732791,0.8316718952409186,1.2732872298430145,3
2.25561778780095,0.2550475878402663,-0.2508743300017528,3
0.9791608883254479,-0.24747086731683177,1.3090270472850665,3
1.6441441889913897,-0.3445917800286784,1.1820129319001746,3
-0.970340561371956,0.8793990822711126,-0.14345182222344516,1
1.622121971280817,-1.2819712602264302,-0.10010892470263053,0
-1.1775855117704024,0.6579632426352422,0.3242687038016455,1
1.2841612998828464,1.3356491853073202,-0.2373392676063923,3
1.848087537620474,0.49439286847774755,0.6198810893057165,3
1.0368713143801076,-0.7773694873541278,-0.5696387149753778,3
1.0024114330072977,-1.3772434176784736,-0.7749918896171112,0
-0.19369605917842947,0.815371714162828,-0.0841482820126332,3
-5.983299436542689,-5.706481692005048,-1.174530053747686,2
0.06217387144679312,0.4423631006200086,-0.1012788482844182,3
-2.347076459734728,0.8362544041754916,1.407947425659846,1
2.416202370624985,-2.0406730601139675,-0.3942150953088843,0
-0.41774720691170436,-0.049458184204801525,0.23875929611914667,3
2.8435935011584323,-1.2982822979311277,-1.4679097925782616,0
1.0850661397011367,-0.3944451321592952,0.8231094691240329,3
1.260664283517401,0.3788635842297081,0.09307252424232557,3
0.560136299575973,1.0475462457435896,-1.2816133779863208,3
2.193305493911682,0.45696050423507334,1.0670179480003985,3
-0.6338528162939412,0.271296731371688,0.363134491230654,3
2.4760680765814245,-2.0155141015874363,-0.4295031763771632,0
0.6650635669475478,0.31245631167048643,0.23284413579534854,3
-2.000036505767905,1.2054729532768733,2.2014861096264404,1
-2.228225676559503,-0.6370615814379534,-0.27322069895723183,1
-0.8339569320800773,1.4599619833989075,0.23407434966971127,1
0.13935943944856666,0.7117504716638545,0.6618871903612585,3
-1.7784739126830702,0.5921015382988379,-0.21633096851849581,1
-1.674917258443263,1.0240110465941912,0.9543540429537083,1
-2.1216675193444545,0.9549026851096006,1.257602450716735,1
1.714633618564579,-0.06667836411404304,0.04036844050277141,3
-0.4748910286467484,0.7764625694459024,-0.07281214244614105,3
3.990389084675274,1.2879048214590427,1.0952360245605048,3
0.24666366030325423,0.7233629056418318,1.2315517896501424,3
1.9776009222046387,-0.034236742420232114,0.7152164297722701,3
0.891207279692277,0.5961209752279613,-0.5622926208326545,3
0.8666085124521758,-0.1443076951491476,0.036300584505085415,3
1.1130756351274966,0.2988092950506061,0.43718868165371694,3
0.5695057559160595,0.9031771269675618,-1.757399550224033,3
0.7261434925447516,-0.32806864605046804,-0.05716061792098723,3
-0.29515864529776487,0.3566426370257685,-0.46345421671904097,3
1.0586074148273639,-0.08025652130033833,0.3149631274738264,3
2.1103356780879072,-0.665804176804643,0.39944284191987334,0
0.8525505008249135,1.1796393071289122,0.6974123621600183,3
0.9818387570243066,-0.7008925611778232,1.7725371875903015,3
2.224384574928604,-0.29894499842080935,0.6119925171916861,3
-1.0423566603622663,0.8955381761169965,-0.24790736853103715,1
-0.7984977279725316,0.9059759561367657,1.202705552093205,1
1.856095821259243,-2.435121267589349,-0.49374565656182834,0
-0.20110221384841337,0.47639454683783433,0.30408338281633784,3
1.450273741073921,0.8336554766468066,0.09541972694730985,3
1.1841882849016694,0.03560860102949187,-0.07267789870545704,3
0.04210767891445141,-0.07766608298531147,1.1203432895410608,3
-0.07559885762866231,0.8565194139869414,-0.4943840331096848,3
1.8666223618095263,-0.6357776442996377,-0.39828410222498645,0
-0.821744902823824,0.4665057300760143,-0.3076230004453684,1
2.5951904733989775,-2.526283309964961,-0.2286720531346233,0
0.07194298724372436,0.7209588732071481,-1.1846925792525058,3
0.5139195135887997,0.8912238368399765,-1.1255626179051434,3
-0.03622807602298855,0.7635955539462546,1.3446002291418373,3
2.0697511624062783,0.40878201125722163,-0.5625474710875289,3
3.0742097654731375,-1.5984543653175942,0.45940845669015173,0
2.187816184451857,-2.3658457272195244,-0.19942660961441103,0
-0.8236540975661357,0.9568677069108346,-0.67996656001023,3
1.4131450491257733,-0.07831127493968049,-0.3310028519787582,3
-2.3001698384762563,1.1583826550510823,-3.4208198232717417,1
-3.103459939130138,2.262663344240508,-1.8543979928008545,1
-0.019344200319556637,-0.6238177278865404,-0.45103559594841125,3
1.524390630382944,-2.973088679973911,1.413874547889557,0
-2.806645919060835,0.5080115570351617,1.9844193785558637,1
0.621959686631629,-0.5242311830536138,1.8022249514277242,3
2.034306925026251,0.07949937043409061,0.13452344126133034,0
4.208179676598002,-1.570137888512559,1.8061283078792396,0
3.807209781494162,-2.6405106273870005,0.44503238329643435,0
0.2857132216198554,0.8407238407500145,0.2907768870709416,3
-0.7817787264004219,0.6525419404090074,1.4305554337827726,1
0.32403265064914033,0.3083662236241201,0.6094736240253117,3
2.1731670758204262,-1.8957700149136567,0.11944888818588015,0
0.7647010378324366,0.2666562709178303,-0.5749866644403506,3
-1.5536318750752662,0.9957833064727181,1.2633484163872706,1
1.1007359015761065,-0.07640183750806462,-0.21420436429581907,3
0.16948958265476785,0.19582656213699207,0.31944951856789583,3
-1.527552856398834,1.9214745315463873,-0.27143066588835474,1
0.8133438020012003,-1.54851500920139,-0.24118394663701684,0
-2.8135659632078656,0.9056279416216831,0.5190202970597123,1
-1.6138951106621917,0.4726752658837125,-0.29626399586390156,1
2.6716933395336215,-2.442150264183283,-0.18249037997446843,0
-1.4780982113165053,1.3931719526253303,-2.0894413348297243,1
0.5138828389988823,-0.6063841948205653,-1.1705510447017262,3
0.6217249806358706,-3.211915051854873,-1.0033100275035696,0
0.9500206221216358,0.32901421586907903,-0.002368431038574703,3
0.0015864076516305392,0.2896799907650568,0.2665256106093664,3
1.8115329025069558,-2.4842264252681683,-0.420714599425832,0
0.36157492664748625,-0.3187928649431917,2.218034442022777,3
-0.547319252201039,1.4601680153884082,-3.354037774086887,3
-3.0288317256143995,2.1155425652590787,0.14856914701599058,1
-1.275369094542433,0.15293678617930118,0.33283825241481335,1
2.289223244432943,-1.9546294949259453,0.5708070561907127,0
0.12937508403992468,0.4046206574588634,-0.9391204053986458,3
2.2003197657939317,0.18582910928085186,0.6800072408598631,3
-0.5805303877320449,0.7054449931127629,-1.256050174757976,3
-1.843651863147689,1.3388356065395182,0.7242036490203327,1
-0.7517531379841984,1.4729565709161054,0.14540953100792262,1
0.35910932534226375,-0.8710474398883886,0.35703858325208304,3
-1.3186640787082977,1.2057959622022385,1.476655564268985,1
0.8226866442764493,-0.05521336879193178,0.7171561510909694,3
0.12981971808616294,0.7973648594231213,-0.897503178837352,3
0.8896760233790981,0.20948937763400555,-0.9319787435173907,3
-1.3749888007354474,0.29592420280481835,3.6729115147070504,1
0.8800737221972708,-0.6658558072246745,-0.25859191788424424,3
2.0308622104855667,-1.7260146489262813,0.00032983437242484204,0
0.664955025319719,-0.33237098868035564,0.674942446999504,3
0.48674727515387206,0.2798504771146662,-0.29572370327536823,3
0.6793140644058684,0.17055657396227075,-0.5826296323902056,3
-0.14901220112406766,-0.3596278699923863,0.8168763867760899,3
-5.302787718313152,-6.9340689655019165,-3.0371493657320636,2
-0.21663387653985344,0.5755536386263271,-1.2254341702336942,3
2.8381027841907343,-1.675930988280375,-1.0896397927138535,0
1.0293310221814072,-0.0318079674140504,1.6486738039233637,3
0.4147489410195192,0.761358278031543,-0.7275407001722586,3
0.3766968121099542,0.2445925377523959,-0.6865746333338886,3
1.6107867153941395,0.0509000834350557,0.8482603702337586,3
-0.20822849886579015,0.6944762943952154,0.10374874870516845,3
0.6134536576632819,0.18838904486213132,1.2151178632840376,3
0.8621902603251996,0.6273635850051713,-0.3275163733069,3
-1.8211456113098976,-1.4993781724239832,-0.3181375001369716,1
-0.28988760504464767,-0.9398352630910246,0.4065009443647174,3
0.0826254412345872,0.48409121914648306,-0.32703341086151705,3
0.561347256380159,1.3146958025080728,-0.9200391479530018,3
1.493800110559341,-1.0690280580991733,-0.4918865407733065,0
2.3502657170141252,-0.2878822441128551,0.31067914536832075,0
-1.0486226197824475,1.5470278019888588,-0.6658520426129525,1
2.4288336400026016,-2.2212504894281904,-0.6951340989109474,0
-1.9961396302235366,0.5000243124231905,0.4444921521152967,1
0.4221528602534873,0.4278108615333579,-0.43224655208953966,3
1.2283954960682157,-0.08526041417585822,1.340623940491111,3
-0.9002901189092032,0.5504589689953044,0.2756656617771701,1
-0.1309908292213689,0.6547202026001262,0.9170124963363127,3
0.02884911953099789,1.1500523311213726,-1.9901227710779488,3
-0.15507134233418962,-1.4828028547085559,-0.27524855631313827,0
-1.114060817443379,0.7113187443241848,0.3832001653638618,1
-1.8242387216834148,0.5645422422899045,1.3974843472164875,1
-4.493945194120665,1.4577838271917867,1.2045196491457935,1
1.4652945101868835,-0.7901165020104656,-0.21849557670805814,0
1.728254490678077,-0.6599239942029864,0.4192123395607179,3
-2.2162608087384785,0.8890844870631507,1.5899177978318053,1
1.3118816598064045,0.5669773715835451,-0.5620119314470734,3
-2.657628763170062,1.2379729659944045,0.051380486087957505,1
0.26773517804648816,0.08326258929876357,-0.11520226482610277,3
0.9557743821596203,0.2326496108175032,0.7765702406003195,3
-0.47070738963460684,0.21498973783298728,0.1424049983009533,3
1.2143694231179352,0.14844699447405302,1.2441956857130114,3
1.8548486198943988,-0.5084790788777882,0.17186277314610784,0
0.38249081856964523,-0.48382628626075175,-0.03750209009693489,3
-0.4972371627003271,0.34111970285307125,0.5854671354776767,3
3.525609470178707,-2.064171767567044,0.8788207248811872,0
0.21044794449124143,0.5999530170807756,0.49539899001500654,3
2.7433923098441584,-0.8171278135140393,-0.08850701795525749,0
2.554403377730348,-1.4072100149528537,-1.3470394221639197,0
-2.5273456184441425,-0.2667276659081257,-1.3419982700502053,1
-0.9702818400724824,0.43123114847867183,0.2805912462626938,1
0.7837274223525654,1.1031983427590335,-1.698972684873261,3
1.3806158060309652,0.09437357173385713,-0.29805773943729275,3
0.13429208831355907,-0.26129286152009323,-0.08547980321531409,3
-3.375635778688143,1.3601574779410526,2.6680993877167056,1
0.17087586208019276,0.5079964970547448,-0.06429849423315413,3
0.4395408276760871,-2.145114617236465,1.357859168306789,0
1.2458124717796482,0.3715522679173917,-0.8275511825309382,3
-4.174265111794432,-7.961411265247538,-0.6905003580261412,2
0.4005677233091451,0.1263275340574878,-1.390530496791695,3
-0.18637931735788565,0.3563699999017692,-0.6254729031721824,3
0.6871841549273481,0.3030742341443533,-0.12274907637371549,3
0.2832278210911269,0.4940889787546221,0.6269538809813491,3
-0.4957099168583066,0.23975567785263893,0.33179523488530915,3
2.0850132778116413,-3.0459445824237137,-0.18459017884350049,0
-2.210596254956442,2.2995805437469343,-5.076943690827054,1
-0.09982481536080345,0.15896399442419268,0.05956865034661055,3
-1.9538540850741228,1.3054917753917143,-0.6525258082382458,1
1.5436308468301672,-0.8917132023898472,1.0281920857763704,3
2.526197968595496,-0.9667540814449737,1.5031396241303792,3
1.296448023845408,-1.0389603274999968,-1.046946034812655,0
0.7244658901481915,0.8736216373657787,-0.3239231343290512,3
0.9051659540158414,-0.5168661779364656,0.16945943945265837,3
0.08062135721420469,-0.21201362529387163,0.8933174985177108,3
-0.5810007771145931,2.103702415513959,-4.502861722664298,3
-2.15238664432689,1.3408082571671818,0.6567728310370456,1
-1.6846738463336899,0.9668352796416504,1.131690823077311,1
-0.2847331660045614,0.7957162662273408,-0.5855171262070469,3
1.3222829308311683,-1.185327549619017,-1.4284321110751743,0
-1.7007869293779772,1.8284745743347548,-1.5984764028733958,1
-2.189907889091178,1.2436932267297784,0.6223409634358673,1
-0.2597330298290422,0.8859490251899543,0.017074510131491194,3
-1.0448528201021214,0.19124407400986024,0.9046107156534202,3
-4.12918372823198,2.2741722420644197,-1.277220804874771,1
0.22489860808276885,0.8275715855140121,-0.534280090671695,3
-0.6747992519910133,1.4041354876757888,-1.412769528554873,3
1.4529645996312133,0.36001642213744245,-1.3948065823104974,3
1.0208381235954966,0.1535234435863253,0.714095757530536,3
0.40686928789274907,-0.25112651674474684,-1.6590203524929992,3
0.7728970761208382,0.7962309262659276,-0.35837947079553756,3
0.5822443585864876,0.3529580779820429,-0.35918311291769317,3
2.010751336273584,0.7346308580372598,-0.26636312681605423,3
1.8599293912645085,-0.08654975603048654,0.8286218854277373,3
2.2113490012019774,0.761451170988042,-0.061331533977261904,3
1.5880316466541566,-1.4407498094220457,0.5144425204169133,0
0.21204498940197725,0.8979244771336167,0.32980397951759977,3
1.6055876517143879,0.09434587440401415,1.0788755686880116,3
2.4189780549079285,-1.8717343292321686,-0.44003628232526293,0
0.9481725590706487,0.10336404549062975,-0.10038230822891557,3
1.3565367433695164,0.37119298626968905,-0.430716211341561,3
-0.049693516564175255,0.7662798679005387,-0.741271419202661,3
0.8368308716400816,-2.627984539125975,-0.36628967510531085,0
2.2272055717445136,-1.550081242195028,0.6452329173828504,0
-1.8611813972693698,0.6938368568464413,0.8361537921918736,1
0.37039190010867634,-0.24780662853100255,-0.053354949559467874,3
-0.8919252047692647,1.2976757542896666,-1.8331801885994958,3
2.8769607251506955,-1.3574807652378071,-0.18163091639153336,0
0.8093600349100325,0.7028898843067056,-0.02126352015404029,3
1.6771088605972264,-0.12159809507739333,0.5867232859972401,3
1.0450273566098156,-1.510829692343127,-1.3510627560698416,0
0.8987177400275006,0.13353077307203087,0.748843760716712,3
-0.8966310707040133,-0.022568483213655455,0.9733306219261271,3
-2.572900969377076,1.6714204175354097,1.4481342030818014,1
-0.1321452597850265,-0.3308301763974114,-0.4675320214430274,3
0.6238405182926356,1.417231271645211,-0.27702855359535233,3
0.648361448520244,-2.554060988117575,-0.6896630070572565,0
0.03118251591580884,-0.017294731885880765,0.7955827635934771,3
1.107185189939279,-0.0768408576223289,-3.7816700445809164,0
0.6702008517165151,0.10676133617045569,0.18728779483500071,3
-0.5067993315964683,-0.06366685933154242,1.2116374717093932,3
1.7185832733834663,-1.8929775239841944,-0.10637623516601201,0
1.8588081599938333,-1.6306802447920337,-0.19821457063479786,0
-3.2721540092369454,1.5324003045904404,1.2216242436275118,1
2.785422578217702,-2.1875826456964824,0.40632978266577124,0
1.6576523909908016,0.4547290835038963,-1.4280814420796166,3
-1.235803534084446,2.1352728226669884,-2.5537585125988373,1
0.7765138113443222,0.17292591399006735,-0.7028703156388001,3
1.4451466132594708,-0.49104619452856046,0.08606653934061123,0
1.6063549050601156,-1.5915439451629294,1.1750527548318068,0
1.7192975322499058,-0.9890848844557395,-1.147914533541175,0
-1.3570748936037706,-0.26536300011700464,-0.18294210430490188,3
2.144186959538148,-2.3583464278945336,-0.385071909985936,0
-0.22626141077409606,0.02821501898910564,-0.20207957879652072,3
3.0344633976262774,-0.5110486022075931,0.5177267722692368,0
2.3915344202814004,-0.6443546902226149,1.079451101464788,3
1.7173724261940402,0.3568122767930669,-1.0970309185184388,3
-0.5765131772429282,1.0268377280530214,-1.808008165015103,3
0.7636909495092752,0.09845026313042488,0.42870448452644005,3
-1.6768110605561202,-0.19218216691140233,0.3275102106007418,1
-6.240567727966581,-5.110238246087674,-1.8838549477891016,2
0.4089121080685968,0.8344461864828667,-1.499498063905035,3
1.5616303655744805,-0.05881484413255478,-1.0540090175701757,3
0.427426497982365,0.948257384685831,0.6648841629113352,3
1.300327451232356,-1.2166745034549988,-1.0860334403315746,0
1.1617813859029138,-0.3076225204623161,-0.28706491513722254,0
-1.5172931614308633,0.4287204762910698,-1.0917325863096963,1
-0.24340730734125643,0.2853691547276846,-0.6237056618065344,3
-1.4631763565551015,1.4043904948158663,-0.43602509924579613,1
1.8041784438174457,0.7138539281251122,-1.1834464205839288,3
-0.9289996593740064,0.4242514630546155,0.13939770929651454,3
0.11978222317262598,0.7235887261970223,0.07110580195306096,3
-1.837544944812126,0.12086359393103319,-0.09169296913916104,1
0.7489449229510106,0.4720953897552818,0.4537011518475339,3
1.289586165433913,0.29604924709731717,-0.35601388743203555,3
0.8146363472425084,0.6213427940677888,-0.7184556090243793,3
-1.5679299743803154,1.2658312231499993,-1.754738852159753,1
1.5877302983085892,-0.002158926237757597,1.543494893048195,3
-0.050409602830251476,0.12502748136898614,-0.8496853325324801,3
-0.46711105345225074,-0.12480012668675394,-0.8585886062316084,3
1.4837325378238735,-0.3048630391451953,-0.005503049179314379,3
-0.650752549577329,1.0122492022671965,1.0494407156250654,1
-0.954797066767997,0.7171223573972489,-0.8236466487170907,1
0.2943740699116411,0.08496198535866745,0.06337697231766945,3
-6.221385602203881,-5.493489049188077,-0.9007453414771287,2
-0.608789852662821,0.996487561123585,-0.1983027259221339,3
-3.1152059621440684,1.5596671763751386,0.6111167424761033,1
0.7355559055933865,-0.1409039652355883,-0.03384878772065794,3
-1.6679191659616674,1.0161579128069007,0.5158516007963805,1
-0.7969873940886387,1.38572285410608,-0.7255182694174362,3
-1.9019570552204403,-0.31246175060093473,-0.8123665278268583,1
-1.2473627412954986,0.8968562823158827,-0.7339505088594033,1
0.9080421726503187,0.5070540250935122,-1.3543367070199157,3
0.18671416815173356,1.0729438756798158,-0.8788357881092027,3
0.422732839008319,-0.16901977176783511,-0.16076218883760773,3
1.4720338419075136,0.48130604049872605,0.421166097512785,3
-1.4546623575473796,0.6891906598343802,0.8422176512246353,1
-0.5268968737273332,0.25534862568321776,0.34575185670752273,3
1.6344318432195701,-0.03649484945507703,-0.20695999515936023,3
0.7161293775599171,-0.02052462509392694,0.6388381772147133,3
-0.1323235123462232,-0.293367972103055,0.3785537759407597,3
-0.1977661081766528,0.13233265171447633,-1.34305277544487,3
0.9061201476128897,-0.5633986567414201,-0.7941333102159627,3
-1.993287673861145,1.2483250816903064,0.46047141277190695,1
0.37814241993149983,-0.27074772252977575,-0.3820591732240264,3
0.07074440719324415,0.07393195847166542,-0.941902423680797,3
-1.6623740522969728,1.5687090387758054,0.5000916700157518,1
0.2357307894372085,0.35749494841528245,1.0373653396978757,3
1.8705145839338948,-0.13549435698981488,0.1878193481420413,3
1.544335738390082,0.47789172952190284,-0.6231955334264069,3
-3.142409415509198,2.151886441906365,-0.40493223371598464,1
-0.7941721675291364,0.9776942723684511,-1.017332986229519,1
0.2110202281957824,-0.4581482676574352,0.8712233105441214,3
3.0709376163841835,-1.7111852942880943,0.6930848517074711,0
-0.5450114798790979,1.1834463124077381,-0.5827106812311722,3
0.7994785648370042,-0.5345942570508756,-0.6548531182800077,0
1.636265304155274,-3.439556651768882,-0.6835421184717518,0
2.1716103012741583,-1.0035311374880487,-0.9621672601730259,0
-1.561592968250279,1.185521637971013,-0.399074563355469,1
3.249810083578592,-1.6744915280050336,0.7650508735319914,0
1.7211650861721528,-0.9850032848051932,0.5437326790323208,0
-1.0361976922268215,1.1701386566140182,-0.07749480376723195,1
-1.6138811071162107,-0.3437204823561847,1.5010461136674604,1
2.132285284411307,-1.131669015151886,0.7540498405242858,0
-0.3257008081286222,0.1633929165346868,0.8721688746591028,3
-1.7716028463018945,0.7290637048890493,1.7877947836223806,1
-2.6426249475530303,0.7908303374248352,0.7479938161685484,1
-3.0221221241704828,0.3275709747928889,0.7417233457788552,1
0.9318851188687254,-2.8327256791064914,0.11269764263069895,0
3.6834764176786927,-0.9061064762460086,0.033860715394764956,0
-1.8207239788089786,1.003591962340193,0.8017040305588569,1
0.2533175783525955,-0.2797894762950901,1.630427137804423,3
-1.1487744021584136,1.1056502453686687,0.3624337308868799,1
1.1492710340695937,0.6530278860869136,-0.7621236244381293,3
0.10686132591466109,-0.17487226566958153,-0.26774339870551733,3
-0.9481591809956831,-0.03524650724329059,-0.20547646073845494,3
0.33540768317349345,0.09934039306651474,0.71106185486962,3
-0.38638287836313906,0.3515401008357145,0.3692371379992223,3
-0.37239564946975473,0.2256020087091268,1.1862885318084377,3
3.895032362566091,-0.9877341877551261,0.6581229434613112,0
1.370497243700407,0.2064413599215312,0.23254868313137447,3
-1.7190393288738763,0.4049106248114982,1.8206683337931469,1
-0.40611819200251226,0.4454372726289817,-0.9818218779811749,3
1.408177179195658,0.8390142684654732,-1.6793064848775658,3
0.9950396821869392,-1.2618459924248584,0.7320479997038344,0
-1.5558614529265968,0.31820287453003265,-1.6116522516163225,1
-1.5920072116381792,0.9493225910389147,0.7447605745008598,1
1.1827516323164395,-0.062063748701315424,-0.7552006780594438,3
1.0593128115761827,0.004493697176780553,0.6073218849246624,3
1.112029904621545,0.3302221671968014,0.9671665268459515,3
-3.0423281932364477,0.7062191520693053,0.36390611258732963,1
2.741004188624252,-1.7802497365838232,-0.9062497080956043,0
0.3657060453623002,0.12115842053335985,-0.4202043229484167,3
3.4436032314481024,-2.01839147144999,0.5243561952019303,0
1.837745741241103,-1.1956008823681117,0.7058243773256938,0
-3.595963463426932,0.3500563752373105,-0.7595914260639713,1
0.8362820120845491,0.44979985032569997,0.7697667180252964,3
-3.597248418058786,0.22921655238346633,0.8689266162291227,1
0.44656700647073616,1.0253432406135474,-1.0953752517452904,3
2.4214051741184384,0.6960238592092503,-0.23990427656334667,3
-0.1437345824144436,0.37473559713849064,-0.35728720269372233,3
-2.154861619632072,0.3505323709658507,2.4501928408455345,1
-0.504795987384481,-0.14258171433338834,0.8548201907749398,3
0.8396543080160428,0.8972424507167523,-1.6868666677060478,3
0.3700701183233559,0.5447820655322386,0.7059553641963343,3
-0.9434296458726215,1.0702084197349815,-0.3976782901379563,1
0.5865399316832471,-2.124175839144363,0.43778704747348174,0
0.8290671967524659,0.2779270704504201,-0.5338384976658302,3
-2.0809621923161643,0.7017157061809325,-0.5798725685441689,1
0.3002947872057219,-0.7104003077019625,-0.04644438801719586,3
0.5741310897208576,0.8480965350092422,0.6415040914513845,3
-0.802327244983545,0.757979878509249,-0.4490999830604748,3
1.7870562691112841,-1.190625988996239,0.5256811196587982,0
1.5813437174626621,-1.634686045492849,-1.281636219340318,0
-0.5708839185257584,0.272342847261253,-0.9151036746156105,3
0.1127488725214192,0.8559878745490235,-2.620182333608469,3
0.5323405688313397,0.9138369602288596,-1.0786746031788168,3
-0.7114169310680172,0.0015859990382759426,-1.0733846659302897,3
1.2752132361373623,-0.49820037222667357,-0.31338422083101947,3
0.8828760388754839,0.816986379300969,1.3415655346797157,3
-3.3965745675714234,1.7171010043452628,1.7425477569718095,1
0.26169298248059714,1.5867783741177655,-1.188486866882653,3
1.3080964713021888,0.26070525041954584,-0.5172583586512921,3
-5.850118289106828,-5.996008166072387,-0.5036992546323918,2
-0.26018725966976297,0.25277656750886446,-2.035880829736965,3
2.5351988857839944,-0.8937873147038885,1.3297554586274964,3
-5.748074234606621,1.9195095220137928,0.36444776151911806,1
2.5073225279232547,-0.9444639806824416,1.361881787702491,0
-0.11459515192427666,0.9565166869181883,-0.33564350628894474,3
3.478546696838341,-0.5468052734613129,0.8328333630190945,0
-1.3795340894244017,1.4403089854652427,-1.3447430312748758,1
3.555609129109549,-1.7858012391141957,-0.08808662087279268,0
-0.15008233696406958,0.7499065367375054,-0.9192758044429388,3
1.766997531691414,0.06712948142526848,0.38112360950915747,3
-5.525351172850646,-5.930662444152655,-1.842613998947452,2
1.101840209120173,-0.8299355070333808,-1.9457847824279233,0
0.640443524553908,0.09668838399159821,0.3750825043007233,3
-0.6618750094451371,0.5288880479305427,1.0346023756093465,1
-0.0379647548471882,-0.18330697725235023,0.1492230978170331,3
-0.6095324534694622,0.6675010999660255,-0.51278425986496,3
-7.320752807909728,-4.404969758270605,-3.530799932786723,2
-2.9823123023583316,1.8132525261310208,0.26706999732962244,1
-5.852202216468423,-5.961341649111804,0.6861742645128391,2
0.31900471589090207,0.28763419986832295,-0.2893558540816818,3
0.6877488724659306,0.31856327823617586,-0.573819598735757,3
0.5341083934786359,0.37908611214003424,0.31539931104227137,3
0.016717161393106555,0.3084662058698767,0.023949117604975173,3
-0.22858049047410922,0.5450812260571627,0.1103129996981029,3
1.0617751262387516,-2.484574552650664,-0.8568612660337606,0
-0.6209050547923047,0.686189106454704,0.6627329709822857,3
2.706883632698548,-0.6391129962117946,1.9037289133434736,3
2.870351615341492,-1.9973894297609567,0.20010176323576637,0
3.36459215937889,-1.5461766688651868,1.5214750853254013,0
-6.372593733932398,-5.557810713128036,-0.21576676703585096,2
0.3992860835919499,0.35645845464408976,0.517086249750193,3
-1.675206324099819,0.5907439378668596,1.853608749089165,1
0.4967378523155657,-0.6397431405513151,-1.2322581096092273,0
2.577156263358621,-1.5028320417540462,0.5927527925236737,0
-1.1454692419820134,1.0899547017828306,-1.7230385854955823,1
0.5071725840467391,0.2082243059742465,0.6120874821214617,3
2.9146086806553066,-1.1904283713451544,0.32729692090543605,0
-1.1474359195189696,0.6855202482247966,0.1361288348796634,1
-1.4084610775736461,1.398215346624919,-0.38448779449334686,1
1.6524381138762765,-2.0106693321054006,-0.5367706436307318,0
2.698054462394146,-1.4413413998074827,-0.15416122465863263,0
2.81593017169867,-2.3880845591291506,-0.6925330773133305,0
0.323138005351328,0.40455074828112747,-0.45646577104171215,3
-0.3830898257912197,0.5607728241483265,0.3786746234602175,3
-1.175557805442675,1.1315266301288351,-0.30831891451540583,1
0.5984550684917758,0.39963765564188947,0.03665554014248115,3
3.217415635524962,-1.679800087212782,0.10975921915285294,0
-1.9002630491441719,0.9618712685697001,1.366099000431841,1
0.8558224189384147,1.1112880464124422,-1.3470484097950326,3
-2.92022518900396,1.3998445563988269,1.347200909638777,1
0.07403861136344253,0.6497492388602382,-0.14485239131702116,3
-0.3261686799023937,1.1155027466326273,-0.47053202810075023,3
3.195878197084416,-0.8303928932581791,-0.14527788015404508,0
0.5766736894010858,0.6666659725881858,-0.48508865195615336,3
0.30313408338381065,0.30662045868905885,-0.35606683766924285,3
0.5551978416290261,0.10965584316154689,0.7589864174394176,3
0.3157901067304219,0.3850782579057028,0.08448011626742777,3
-2.7859838155921577,1.2083741546293245,0.3975450384950153,1
-1.6346329364926095,1.3100449967503733,2.3658127365261037,1
-8.0925183275788,1.8431621474909283,1.3557516813407062,1
0.7317961335954086,0.11701678884596811,0.7557109096481733,3
1.0859930566224933,0.3797589171477959,-0.07237448798898831,3
0.08543790728124265,0.19221588946969748,-0.03260671738183349,3
1.77110926740804,-0.7169958817126137,-0.947428944264086,0
-1.322259692996789,0.9960793063734981,1.151884800920885,1
0.06695379133618518,0.7472551879074701,-0.10580511430594783,3
0.6198763202881212,1.3459161526264127,-1.8787129916934615,3
2.332073280173588,-0.12428549955549006,-0.4163879944095915,3
-0.4525092103052067,0.34918432777225217,0.4457953427751675,3
-0.8768798793497163,0.38483229951003606,-1.0597023549366096,3
-1.289164251202398,1.1658566078893333,0.7411277981896311,1
-5.988972707515544,-5.808643477425187,-0.3456584707459823,2
-2.66537234102356,1.5661030191242258,0.22715384616733345,1
1.5046960144613422,0.255768839799956,-0.8576449315593238,3
0.004916596980681115,0.2870417032820626,-0.6456904687773872,3
1.1086934063730327,0.2153963986730762,-0.1654439533825798,3
1.829455728194901,-0.3425010058558946,-0.42076409228372247,3
-0.05989778095286824,0.5048716756282481,-0.6636621047118754,3
3.0645304488310456,-2.4047808194614775,-0.2124137976081894,0
4.691739694248904,-1.6690989895631474,0.6223742605132048,0
1.9436797250520759,-0.5760473316062379,-0.20758330658748358,0
0.6144467652362766,0.9959369564814029,-0.785967898685644,3
-7.400410258980503,-4.515748710015454,-0.7769888580630355,2
-1.384338677014576,1.113936172537016,0.689579005478701,1
0.458190481360902,0.827859086295202,-1.270277364645487,3
-2.334711283604717,-0.27530750741009646,-0.7016756454059913,1
1.3081054575203765,0.4958562074465307,-1.6221642086599153,3
1.7092446197950115,-1.24927289297854,-0.01813421833314008,0
1.4789685303165736,0.3780252797202581,-0.5169545845716456,3
0.06358606614946843,0.27982905033915684,-0.8414830297856968,3
-0.957933132518461,0.2424752588041537,0.4895876615898125,1
-2.9424804143303676,0.4872356191947682,0.42991024013507606,1
0.6378486521249489,0.0443869559608322,0.7354196344269099,3
4.424718273673589,-2.817020016862063,0.7335887089148013,0
1.5298742283763769,-1.0614684959418943,0.24210611109236777,3
2.697322271806496,-1.3005083181314152,1.2683715764517505,0
-6.858738644981283,-4.913537051356517,-1.8446766706867128,2
3.187761779051057,-2.5138621958075245,0.49978539635647057,0
-0.2862786527010526,-1.5847121718444659,-0.4791792198898961,0
2.0930511878065916,-0.9631480956862696,-0.33650727334728114,0
-0.5380810209043045,0.7088634210802777,-0.1938863736539697,3
2.4274208111460505,-1.104587641519306,0.6011762777649888,0
-5.2624872006509,-6.456426768705261,0.7950636065591368,2
0.9468847212628921,-0.9492896178233415,1.0883832225589114,3
0.5114762668677324,0.4236993224447966,-0.014439111842358437,3
-1.8063246408075433,1.011423960778337,0.33501765768519276,1
2.4047382717635566,-1.17749229961461,0.4857689678959557,0
2.9810750086270508,-1.4428225183925623,0.8215154543327807,0
-3.4431662655597215,2.23487436046636,1.1560773057993807,1
0.20673697406068417,-0.15483540612737662,0.9233156669208773,3
1.2312535347358233,0.5342950366366932,-0.3330030425086893,3
-2.025470281034786,2.1544678946907174,-3.1114417135528765,1
1.656032229226306,-0.27628007670282884,1.0975167643597894,3
0.5641165074589469,0.09013620639333855,-0.2401585904155238,3
0.3800353469745928,0.368032449541723,-0.07512703694704073,3
-0.43664201510329964,0.5878035446580956,-0.04681961270052491,3
-0.36308001694655706,0.07208530207006442,-0.00785873802655157,3
0.5749859154193482,1.1225533579759643,-1.6653820514437794,3
1.1467512171306384,0.6141092931298053,0.28588646310515764,3
2.0075384888727608,-0.5317552937134409,0.020319498867511304,3
0.40727727747269754,0.442737483984311,-0.5512507495841461,3
-7.3417684767912865,-4.30508267386697,-1.4645773054213582,2
0.4144816952850023,1.1734888521520004,-0.6642707595327294,3
-1.1115288414147386,0.45910512726069785,1.4962286074261046,1
2.4695695528415262,-1.0269098709578701,0.3324515240754249,0
-0.8495652018406263,0.3802029788538521,-0.2482354457554382,3
0.9813687614503448,-0.039374972668348496,0.8936781448137892,3
-0.08006448619494494,1.2372114079959067,0.4274960765613448,3
-0.339658588429724,0.8448379389523842,-0.7346917773426069,3
1.2444400769370783,0.21911187083419828,0.8397947426912067,3
-0.7970261346762693,0.6474606352249217,-0.8577076575998367,3
0.3601973054433555,0.49261629086351255,-0.11694126213399336,3
-0.5671402188653216,-0.16784159277461963,0.39888782265125433,3
0.29613529061881516,2.145668338353405,-1.207751876674669,3
0.540816535376513,0.14444355693971667,0.4447666745936891,3
-0.6136894273745017,0.12099557945633596,-0.022872430486744172,3
0.26383094433821,0.14146407241763825,0.5001099985398056,3
2.124739075876101,-3.1718117780317523,-0.20358953562883245,0
-0.1358792337900866,0.4030729396662838,-0.15238767126329414,3
-0.1942903394208676,0.833145610055832,0.5308101863048056,3
-3.0947055514908404,1.099419425386971,2.5166818558579256,1
1.4624843495670017,0.282530049845836,0.9373501612901003,3
-0.0536387217992364,0.16593585045941997,-0.8259304778892951,3
1.690231449231587,0.7105409953978713,-0.9594476119760962,3
-2.5383273109328885,1.9849352064294123,1.2487475519701843,1
1.5573259738733467,-0.5647273332094086,-0.07795478829861209,3
3.6113901082788513,0.7303434588282705,1.3155655559176844,3
0.21344847193379954,0.12315747830680804,-0.3372766518102903,3
0.6324404258019785,-0.5070898530018153,-0.7863281942078887,0
1.3174966186611539,0.10595761969501416,-0.3282902174830238,3
1.8302223897938947,-1.0847072768182997,0.20199655586187273,0
0.6141246351472582,-2.5973597276377167,0.04223976780648164,0
-1.3136846412879297,1.946885220123586,-1.4976723237528404,1
0.18571249649816016,-0.0035321298326360107,0.10827481112817341,3
0.2933248095005632,0.19057347386030576,-0.540265957425163,3
1.5847875216269927,-0.30908743671208727,-0.40226412180726645,0
1.03766058312104,0.21288251276462905,-0.5771181211803854,3
-2.0413719866054088,1.0754643930513033,1.537648227497332,1
2.1837499541488503,-1.9035757422158364,1.6900323680025169,0
2.3960682593405167,-1.2423320427942328,-1.4308818936487586,0
2.0573602005759004,-1.8529869165748751,-0.8551938412794362,0
0.8131998247433188,0.27320028068221397,0.33654612194409006,3
1.2956888396973234,0.5190908343172089,0.6586365721502337,3
-2.1528720241413373,1.1753432034403848,-0.08532974847440222,1
1.308399833658521,-0.029731173681413425,0.94843810525745,3
-0.2817839634488419,0.39468767696269924,1.0052426731127357,3
1.0943277907367484,0.2725299623867064,0.4207381967818399,3
1.2438293130352494,-0.9291683433102874,0.03526566346460522,3
-0.07260211330280553,0.49089997859753043,0.44763094267798387,3
-6.432259487137306,-5.432300038345402,-0.5567928575586291,2
-0.8723475637402576,-0.8344734587618327,-0.9250689023674751,3
-0.06439642661752487,0.22857085492771545,-0.019201715779313788,3
2.6707320966940613,-0.23437794294239467,1.5705493399189483,3
0.7716968240283693,-0.1432507960986153,-0.11117644225067641,3
0.5796360016646588,0.1741340717285244,0.8069417188392823,3
-0.5233237395886012,0.2509388813372033,-1.3335528443265068,3
1.9072876520375484,1.0455171103741137,-0.19049679814310144,3
-2.366346790476404,2.435688375651921,-4.379453139029341,1
0.7878319522783921,-1.0311883923269884,0.13987514835658674,3
-2.4475620870918178,1.2816522650092979,1.119080385091302,1
0.401719784039225,0.4231741786369936,-0.7830238347477156,3
2.503435160921612,0.06706747646325734,0.9066775289152518,3
0.9967273986564928,0.28895613551359983,-0.6125657008257938,3
-0.5971970450744684,-0.37912965852153413,-0.5763930268098603,3
0.24053331537597342,0.24876430043840012,-0.04815561249265511,3
-1.4562973102899663,0.3067979836714587,2.277475994556882,1
0.9836008741770099,0.46613301032267385,0.2572017589520986,3
3.574128708108042,-3.0930369982802026,-1.0514088320389816,0
0.6920578141484788,0.5013701060792286,0.04275101158932823,3
2.236802385279378,1.1098849153150563,-0.6221797644839724,3
-0.0894099399967383,0.3232611712704526,-0.5821778568312024,3
2.6681439954727595,-0.6452367376905217,0.6647296147498528,0
0.03818215612754497,0.5656173631024533,0.19798312098717616,3
0.4538089633712802,0.6032155990271586,-0.6399390576736589,3
-1.4000045860184074,0.2179076006237955,1.3055589528387002,1
-0.1584661526604832,-1.6153170957978702,-0.5786441390784317,0
1.622833218379003,-1.5688716953677169,0.9980041243502944,0
0.9596448070530701,0.17705210233193314,-0.48570995068851786,3
-2.4085488515894697,0.9857265413848035,2.1452164173970676,1
-2.009434266552343,1.1311371818617983,1.1330841793141146,1
-1.6266411189322627,0.8841905168131063,1.767453940890882,1
0.9288704618070489,0.1567696028118357,0.28475634991371845,3
0.9014083644366915,1.2218716952002548,-3.133626988590085,3
-0.37104350336481645,-0.2643191966045546,1.0396800427306323,3
2.675860774591151,-1.1758778783230954,1.4093387858384014,0
2.5321465377915167,-1.5997171501400778,1.314424663282886,0
1.3675999396754477,0.5604266004724034,-1.259764926740759,3
0.050299624339310206,0.14277902218025929,0.9112262405297689,3
0.22201818003650475,0.9392604421417989,0.5536507905346307,3
0.4366864136579217,-0.34760046988391424,-0.7239473637744999,3
-1.1751571949156796,0.7315672746856756,0.44003951024608934,1
0.6881355450964166,0.21337508131518404,0.7574223805444578,3
-3.4336893787829164,2.3389178637319272,-1.3863468175749312,1
